"Data Source","World Development Indicators",

"Last Updated Date","2019-10-28",

"Country Name","Country Code","Indicator Name","Indicator Code","1960","1961","1962","1963","1964","1965","1966","1967","1968","1969","1970","1971","1972","1973","1974","1975","1976","1977","1978","1979","1980","1981","1982","1983","1984","1985","1986","1987","1988","1989","1990","1991","1992","1993","1994","1995","1996","1997","1998","1999","2000","2001","2002","2003","2004","2005","2006","2007","2008","2009","2010","2011","2012","2013","2014","2015","2016","2017","2018","2019",
"Aruba","ABW","Children out of school, primary, male","SE.PRM.UNER.MA","","","","","","","","","","","","","","","","","","","","","","","","","","","","","","","","","","","","","","","","97","58","","62","92","28","14","","","","220","","","","","","","","","","",
"Afghanistan","AFG","Children out of school, primary, male","SE.PRM.UNER.MA","","","","","","","","","","","","","","","556990","","","","","","","","","","","","","","","","","","","861302","","","","","","","","","","","","","","","","","","","","","","","","","","",
"Angola","AGO","Children out of school, primary, male","SE.PRM.UNER.MA","","","","","","","","","","","","","","","","","","","","","","","290468","310894","","","","","","","","","","","","","","","477948","","","","","","","","","","214136","246024","215471","170490","","","","","","","","",
"Albania","ALB","Children out of school, primary, male","SE.PRM.UNER.MA","","","","","","","","","","","","","","","","","","","","","","","","","","","","","","","","","","","","","","","","3469","6463","9222","","11586","12820","","","","12549","17511","16575","14461","10140","6487","","","","","","",
"Andorra","AND","Children out of school, primary, male","SE.PRM.UNER.MA","","","","","","","","","","","","","","","","","","","","","","","","","","","","","","","","","","","","","","","","","","","","","","","","","","","","","","","","","","","","",
"Arab World","ARB","Children out of school, primary, male","SE.PRM.UNER.MA","","","","","","","","","","","3592031","3671147","3612485","3594038","3592965","3586171","3478864","3496767","3533330","3508679","3492998","3554534","3612838","3647830","3566930","3602387","3593484","3548925","3573189","3658399","3634856","3745624","4128305","4184819","4022563","4146415","3971285","3917381","3986949","3749078","3664308","3531869","3431288","3311424","3241282","3275686","3305083","3121187","2964240","2932450","2757675","2910399","3029783","3314512","3442661","3560375","3544548","3361258","3374616","",
"United Arab Emirates","ARE","Children out of school, primary, male","SE.PRM.UNER.MA","","","","","","","","","","","","","","","","","","","7291","","11083","13823","12371","15957","17378","19318","20950","11894","8874","4658","1347","1155","4676","11380","15116","14800","19195","25022","26140","","","","","","","","","8679","","","","","13559","16215","","","","","","",
"Argentina","ARG","Children out of school, primary, male","SE.PRM.UNER.MA","","","","","","","","","","","94757","","","","51880","58367","","","","","","","","","","","","","","","","85545","","","","","","","","","","","","","","","","","","","","","","","","","","","","",
"Armenia","ARM","Children out of school, primary, male","SE.PRM.UNER.MA","","","","","","","","","","","","","","","","","","","","","","","","","","","","","","","","","","","","","","","","","","","11240","11555","","8482","5634","2445","","","","4010","3000","2845","4862","6092","6493","6591","6050","",
"American Samoa","ASM","Children out of school, primary, male","SE.PRM.UNER.MA","","","","","","","","","","","","","","","","","","","","","","","","","","","","","","","","","","","","","","","","","","","","","","","","","","","","","","","","","","","","",
"Antigua and Barbuda","ATG","Children out of school, primary, male","SE.PRM.UNER.MA","","","","","","","","","","","","","","","","","","","","","","","","","","","","","","","","","","","","","","","","","","","","","","","","","","","","","228","","277","92","","173","","",
"Australia","AUS","Children out of school, primary, male","SE.PRM.UNER.MA","","","","","","","","","","","","27782","","41283","46407","22627","13451","","","","","","6964","13233","27571","28295","23673","20212","15810","15177","17656","22443","24513","27807","30438","48845","46458","52444","57043","64195","68051","","","39459","34294","","","","","","","27006","23852","","","","","3862","","",
"Austria","AUT","Children out of school, primary, male","SE.PRM.UNER.MA","","","","","","","","","","","","","","","","","","","","","","","","","","","","","","10732","","","","","","","","","","","449","2464","6868","7941","7499","5913","4616","4225","4539","4272","3621","4719","2621","1496","1117","991","477","","","",
"Azerbaijan","AZE","Children out of school, primary, male","SE.PRM.UNER.MA","","","","","","","","","","","","","","","","","","","","","","","","","","","","","","","","5799","7632","27541","39019","56411","38359","34349","40321","17315","29822","38105","37274","36573","34765","31950","28984","36402","36214","30733","32323","23500","17642","185","","","","8799","12763","",
"Burundi","BDI","Children out of school, primary, male","SE.PRM.UNER.MA","","","","","","","","","","","","","","222232","","","","","242299","","243209","237958","226177","207374","196149","188150","188703","179917","182946","","","","","232493","","","","","","","332075","276008","281457","265158","267773","251409","155390","110912","45746","65579","37007","","","","","","","51105","69832","",
"Belgium","BEL","Children out of school, primary, male","SE.PRM.UNER.MA","","","","","","","","","","","","","","","","","","17215","","11503","9011","14183","12779","26924","29537","30847","24582","19804","15542","","","17643","22528","9731","11815","11386","9635","","","","3667","","848","4176","10762","11813","9931","6690","4406","4846","5913","5491","4210","4429","4559","3065","2069","1066","","",
"Benin","BEN","Children out of school, primary, male","SE.PRM.UNER.MA","","","","","","","","","","","","","","","","","","","","","","","","","110971","111825","125643","","137733","140628","197369","","152178","136570","140817","134808","129992","118769","","","","","","","","","33953","","24957","","","","","","","","","","","",
"Burkina Faso","BFA","Children out of school, primary, male","SE.PRM.UNER.MA","","","","","","","","","","","","382862","388491","","","","","423482","431614","439920","445978","447714","446745","451474","455467","455149","455326","456675","470186","486205","","510139","520708","527434","530512","527777","","","533475","544505","548300","553627","584701","577948","576742","540972","517082","471145","418466","403084","497380","453395","458469","463149","458752","448778","370444","364976","335760","",
"Bangladesh","BGD","Children out of school, primary, male","SE.PRM.UNER.MA","","","","","","","","","","","1530290","","","391152","","","","492883","568335","","","1123876","","1138525","1539849","1694673","1823729","1940199","1473924","1523549","1406043","","","","","","","","","","","","","","","","","","447457","","","","","","","","","","","",
"Bulgaria","BGR","Children out of school, primary, male","SE.PRM.UNER.MA","","","","","","","","","","","","","","","","","","","","","","","","","","","","","","","","","","","","","10789","9104","2392","2203","3008","2879","5462","5244","4077","5631","3727","","","","","","3342","5881","8216","11049","14862","","","",
"Bahrain","BHR","Children out of school, primary, male","SE.PRM.UNER.MA","","","","","","","","","","","","2619","2181","2109","1563","966","1893","1939","2752","3064","3067","3352","3765","3484","3077","2359","938","1332","376","198","","","1238","895","1047","573","","","","","","3067","2956","3766","4009","5111","4993","","","","","4350","3861","3132","2110","853","1096","","33","",
"Bahamas, The","BHS","Children out of school, primary, male","SE.PRM.UNER.MA","","","","","","","","","","","","","","","","","","","","","","","","","","","","","","","","","2114","2168","","","","","","1454","","","","","1979","1764","2548","2411","2573","3589","3721","2174","3172","4303","4293","3453","4377","","","",
"Bosnia and Herzegovina","BIH","Children out of school, primary, male","SE.PRM.UNER.MA","","","","","","","","","","","","","","","","","","","","","","","","","","","","","","","","","","","","","","","","","","","","","","","","","","","","","","","","","","","","",
"Belarus","BLR","Children out of school, primary, male","SE.PRM.UNER.MA","","","","","","","","","","","","","","","","","","","","","","","","","","","","","","","","","","","","33074","","","","","","","","","","","","","","","","","","3560","2999","3305","108","","1198","",
"Belize","BLZ","Children out of school, primary, male","SE.PRM.UNER.MA","","","","","","","","","","","","","","","","","","","","","","","","","","","","","","","","","","","","","","","","61","571","1244","","1449","1136","1099","1029","1212","770","605","443","377","","157","","","","","","",
"Bermuda","BMU","Children out of school, primary, male","SE.PRM.UNER.MA","","","","","","","","","","","","","","","","","","","629","678","","","","","467","365","","","","","","","","","","","","","","","","","","","","","","","","","","99","115","","","","","","","",
"Bolivia","BOL","Children out of school, primary, male","SE.PRM.UNER.MA","","","","","","","","","","","","","","","","","","","","","","","","","","","","","","","","","","","","","","","","","","","","","","","","","","16711","37507","56262","75697","78418","79252","76580","70260","59056","","",
"Brazil","BRA","Children out of school, primary, male","SE.PRM.UNER.MA","","","","","","","","","","","","","","","","","","","","","","","","","","","","","","","","","","","","","","","","","","","","","176218","","","492093","","218767","","228102","","","","","","","","",
"Barbados","BRB","Children out of school, primary, male","SE.PRM.UNER.MA","","","","","","","","","","","","2428","2055","2047","","","76","","","","","970","660","116","","","","","","49","190","","1244","","","","","","","","259","313","674","698","836","952","515","362","180","398","334","523","","","808","509","267","287","80","",
"Brunei Darussalam","BRN","Children out of school, primary, male","SE.PRM.UNER.MA","","","","","","","","","","","","","","","","","","1213","1283","2755","2883","3774","4166","4070","3971","","3408","","","","","1694","1559","1270","1203","420","","","","","","","","","","","","","","","","","","","","","","","","",
"Bhutan","BTN","Children out of school, primary, male","SE.PRM.UNER.MA","","","","","","","","","","","","","","","","","","","21651","21318","","","","","","","","","","","","","","","","","","","23359","23425","22367","21111","","","","16529","14380","","11087","8480","7269","6380","4931","5064","","5368","5363","5137","4124","",
"Botswana","BWA","Children out of school, primary, male","SE.PRM.UNER.MA","","","","","","","","","","","34030","37384","38160","39344","37798","34582","32396","30302","30847","30839","28463","23917","","20371","19965","17814","15740","14758","14700","13804","15159","12912","13571","13782","13756","27189","26424","","23208","24475","23374","21469","20992","20928","17122","18386","16380","18997","21371","22020","","","19429","19247","19288","","","","","",
"Central African Republic","CAF","Children out of school, primary, male","SE.PRM.UNER.MA","","","","","","","","","","","","45014","42091","40453","","","","54444","55696","","","49686","46245","39615","","","45769","72011","81091","84617","63456","80344","","","","","","","","","","","","","","146387","148337","121652","93583","95551","89755","102837","98866","","","","","","","",
"Canada","CAN","Children out of school, primary, male","SE.PRM.UNER.MA","","","","","","","","","","","","","","","","","","","","","","","42354","42960","48272","51344","49022","48074","48829","40099","53084","17551","20848","36078","38476","56050","44580","","9916","","","","","","","","","","","","","","","","","","","","","",
"Central Europe and the Baltics","CEB","Children out of school, primary, male","SE.PRM.UNER.MA","","","","","","","","","","","","","","","","","","","","","","","","","","","","","","","","","","","","","","266827","171261","152236","178890","152796","153223","152013","149599","149245","143108","107191","96425","90249","80861","83756","78454","96434","110139","109122","122038","133581","196179","",
"Switzerland","CHE","Children out of school, primary, male","SE.PRM.UNER.MA","","","","","","","","","","","","","","","","","","77197","74629","","","65042","62679","61869","61344","59307","56533","52657","47572","42026","38102","36752","37505","40823","44055","26046","21800","","","","","","","","","","","","","","1603","1439","1770","","","","","","","",
"Channel Islands","CHI","Children out of school, primary, male","SE.PRM.UNER.MA","","","","","","","","","","","","","","","","","","","","","","","","","","","","","","","","","","","","","","","","","","","","","","","","","","","","","","","","","","","","",
"Chile","CHL","Children out of school, primary, male","SE.PRM.UNER.MA","","","","","","","","","","","","","","","","","","","","","","","","","","","","","","","","","","","","","","","","","","","","","","","","21329","16261","29512","20182","23093","24118","27343","26883","25567","21112","15069","","",
"China","CHN","Children out of school, primary, male","SE.PRM.UNER.MA","","","","","","","","","","","","","","","","","","","","","","","","","","","","1832161","","193853","","178214","809124","1550955","2679864","4175926","5468200","6490539","","","","","","","","","","","","","","","","","","","","","","",
"Cote d'Ivoire","CIV","Children out of school, primary, male","SE.PRM.UNER.MA","","","","","","","","","","","","","","","","","","201143","","","","","","","","","","","","","","","","","","","438618","439044","","441661","458597","413332","413489","537089","","","","","","641850","","","","516366","410588","346527","159702","141216","44066","",
"Cameroon","CMR","Children out of school, primary, male","SE.PRM.UNER.MA","","","","","","","","","","","","139297","155864","171740","196533","160648","158444","174617","171177","173019","178651","","","","","","","","190039","","216110","246503","","","","","","","","","","","","","","","","","","","","86808","","","","","15527","","","",
"Congo, Dem. Rep.","COD","Children out of school, primary, male","SE.PRM.UNER.MA","","","","","","","","","","","","250350","302952","","","314262","","","","281680","","","","293552","301265","","","","715898","","","898473","1008456","1096394","1070491","684735","","","","2357377","","","","","","","","","","","","","","","","","","","","",
"Congo, Rep.","COG","Children out of school, primary, male","SE.PRM.UNER.MA","","","","","","","","","","","","","12417","","5876","","5099","","2478","2586","17120","19408","19434","20026","17753","","","","","","","","","","","","","","","","","","","","","145988","119517","","","","39447","","50246","","","","","","","",
"Colombia","COL","Children out of school, primary, male","SE.PRM.UNER.MA","","","","","","","","","","","","","","","","","","","","","","","","","","","630649","","","","","669261","","","","","","","","95617","74172","171461","150999","","77610","","","","","10554","41290","53744","97753","","","76236","98434","58849","52032","",
"Comoros","COM","Children out of school, primary, male","SE.PRM.UNER.MA","","","","","","","","","","","","","","","","","","","","","","","","","","","","5095","","","","","","","9277","","","","","15515","12563","","","","","","","9203","","","","","","5593","7084","","","8750","","",
"Cabo Verde","CPV","Children out of school, primary, male","SE.PRM.UNER.MA","","","","","","","","","","","","","","","","","","","","","","2468","2657","3262","1935","1173","916","778","","","","","","","","","","","","","","993","1256","1226","1831","1223","740","709","785","1028","1418","1688","1608","1909","1848","1841","1915","1900","1735","",
"Costa Rica","CRI","Children out of school, primary, male","SE.PRM.UNER.MA","","","","","","","","","","","23601","","20352","17670","","16819","13035","","13939","16357","16621","15812","19460","","","26555","26470","27186","","28153","29402","29530","","","","","","","","","","","","","","","","","","","","","","1311","5034","3858","3219","6948","","",
"Caribbean small states","CSS","Children out of school, primary, male","SE.PRM.UNER.MA","","","","","","","","","","","30516","30942","28231","27944","23835","35826","42145","32278","33136","33128","39540","36071","28612","27649","28817","28706","29053","18792","21866","16249","24173","30463","31278","33926","33082","31364","30950","30978","28285","26063","24857","27533","34855","34765","28183","30545","32286","31991","30316","33343","32795","32019","33733","36422","37942","31757","29285","31104","33669","",
"Cuba","CUB","Children out of school, primary, male","SE.PRM.UNER.MA","","","","","","","","","","","","","40715","30366","23557","","","","","","6154","30384","43103","42906","54941","59338","51352","38138","35013","33238","36772","39414","30122","26197","15399","17071","5008","5764","6019","1463","209","","","6007","6885","12318","18331","11062","11638","4972","2076","4282","7952","7601","19728","22410","20439","15641","7408","",
"Curacao","CUW","Children out of school, primary, male","SE.PRM.UNER.MA","","","","","","","","","","","","","","","","","","","","","","","","","","","","","","","","","","","","","","","","","","","","","","","","","","","","","","","","","","","","",
"Cayman Islands","CYM","Children out of school, primary, male","SE.PRM.UNER.MA","","","","","","","","","","","","","","","","","","","","","","","","","","","","","","","","","","","","","","","","","","","","","","","","","","","","","","","","","","","","",
"Cyprus","CYP","Children out of school, primary, male","SE.PRM.UNER.MA","","","","","","","","","","","","8167","8466","8292","8275","10694","11428","11704","11302","10936","11002","9798","10924","10702","10568","10372","8818","7519","7128","7361","8071","8280","9182","793","983","1243","1220","1273","","","765","759","430","291","205","","","","","","","","361","563","739","426","","","","",
"Czech Republic","CZE","Children out of school, primary, male","SE.PRM.UNER.MA","","","","","","","","","","","","","","","","","","","","","","","","","","","","","","","","","","","","","","","","","","","","","","","","","","","","1286","1261","3043","2302","","","","","",
"Germany","DEU","Children out of school, primary, male","SE.PRM.UNER.MA","","","","","","","","","","","","","","","","","","","","","","","","","","","","","","","","","","","","","","","","","","","82","6683","","","","","","","","","","9077","17641","","","","","",
"Djibouti","DJI","Children out of school, primary, male","SE.PRM.UNER.MA","","","","","","","","","","","","","","","","","","","","","","","","","","25195","25832","27653","29815","31735","32939","","33236","35273","35549","36116","37297","39496","","41055","41303","39088","37803","","35262","34723","33340","31725","25471","26183","","21661","","21663","16916","20451","21832","20384","18804","16105",
"Dominica","DMA","Children out of school, primary, male","SE.PRM.UNER.MA","","","","","","","","","","","","","","","","","606","763","","1308","1171","1509","927","","","","","","","","","","","","","","","","","","","538","382","544","598","712","760","802","716","436","","","","","","","","","","",
"Denmark","DNK","Children out of school, primary, male","SE.PRM.UNER.MA","","","","","","","","","","","","","","","","","","","","","","10832","8739","4841","2201","3135","2637","2559","2342","4453","4518","3193","4241","4879","2000","3149","3071","","","","","","","","4928","3060","2563","1374","1669","2379","2771","2347","1558","595","1455","181","","","","",
"Dominican Republic","DOM","Children out of school, primary, male","SE.PRM.UNER.MA","","","","","","","","","","","","","","","","","","","","","","","","","","","","","","","","","","","","","","","","84228","75970","","21342","40086","91755","84791","95303","53616","75667","","11507","21313","29454","32802","44199","23802","27258","31967","","",
"Algeria","DZA","Children out of school, primary, male","SE.PRM.UNER.MA","","","","","","","","","","","","","","283516","228570","199841","178209","167812","165481","178197","168695","173949","190165","217328","209682","219631","214420","202063","190803","179905","178517","150340","137872","164060","180511","185079","208895","232013","","192033","181010","133845","111049","101506","83795","74041","65186","61099","36415","","","","","","","","","","","",
"East Asia & Pacific (excluding high income)","EAP","Children out of school, primary, male","SE.PRM.UNER.MA","","","","","","","","","","","","","","","","","","","","","","","","","","","4628863","3292669","2196901","1517692","2657819","2201453","2480706","3294787","4338736","5934937","7309188","8526571","6952243","5071870","4725846","4212502","4142607","3922742","4165295","4146726","4699384","3724073","3589561","3238443","3423232","3506037","3123060","3382712","3012927","2864500","2666130","2530310","2546001","",
"Early-demographic dividend","EAR","Children out of school, primary, male","SE.PRM.UNER.MA","","","","","","","","","","","25092322","25355674","24547324","23396208","23774804","23639888","23286536","22424152","23172960","23068772","22606056","21814804","21190116","20838598","20864912","21089628","20954552","21472364","20965260","20019980","21136428","20936112","21143224","21293606","21173256","21784544","21647204","22260852","21990770","21695364","20243994","19825330","19832082","19349260","17076868","15013508","14261899","11751791","12318748","13129775","12800000","13700000","12200000","11000000","10300000","10300000","9668852","9502918","9072984","",
"East Asia & Pacific","EAS","Children out of school, primary, male","SE.PRM.UNER.MA","","","","","","","","","","","","","","","","","","","","","","","","","","","5170370","3723008","2550839","1824625","3088878","2630523","2902357","3723435","4785170","6413639","7777410","8989505","7390991","5494348","5105192","4552977","4487916","4241520","4473028","4426664","4976797","3965007","3810199","3445996","3620341","3709619","3342883","3590137","3194136","3000667","2809294","2674409","2736034","",
"Europe & Central Asia (excluding high income)","ECA","Children out of school, primary, male","SE.PRM.UNER.MA","","","","","","","","","","","","","","","","","","","","","","","","","","","","","","","","","544719","624940","678488","836916","782584","814451","763969","692244","760807","660939","519963","305057","315784","470381","506801","490410","389985","453337","510000","381612","394693","352066","411346","386154","401479","395341","520125","",
"Europe & Central Asia","ECS","Children out of school, primary, male","SE.PRM.UNER.MA","","","","","","","","","","","","","","1722539","1665203","1602259","1512864","1466809","1432754","1402875","1404053","1556548","1574627","1673553","1580561","1561838","1398919","1273827","1152142","1195030","1190470","1091379","1121173","1162208","1172239","1306039","1204508","1210402","943388","857495","961857","857825","745684","565574","615914","689363","722963","696901","548012","628723","676475","538783","542582","473392","575200","530182","556660","562954","810792","",
"Ecuador","ECU","Children out of school, primary, male","SE.PRM.UNER.MA","","","","","","","","","","","","102807","","105339","104706","113701","114025","96989","87102","66786","77572","","","","","","","","","","","","","","69925","66495","57572","36686","34858","38096","31614","21337","","","","26947","21193","","66172","","","","","","","","","","","",
"Egypt, Arab Rep.","EGY","Children out of school, primary, male","SE.PRM.UNER.MA","","","","","","","","","","","","633660","626662","643574","","","","","700293","","","","","","","","","","","","","","","","266398","","","259539","","446269","383799","360749","336974","305308","289820","","","","","","","","59251","","","","","","","",
"Euro area","EMU","Children out of school, primary, male","SE.PRM.UNER.MA","","","","","","","","","","","517887","521978","523628","521662","434647","392146","351509","333185","327780","317794","310190","325429","349089","420148","430174","415151","324855","290212","270021","253771","262885","275982","273031","279251","260302","228044","177364","189968","84472","100739","104669","101796","113010","128931","134525","60747","53732","40922","44895","55342","59716","50170","57017","66188","110355","94525","104162","118876","192303","",
"Eritrea","ERI","Children out of school, primary, male","SE.PRM.UNER.MA","","","","","","","","","","","","","","","","","","","","","","","","","","","","","","","","","113188","","113963","114719","113515","112171","","94757","79780","73295","54694","38062","26122","16718","14872","26389","33622","43744","53274","50344","49017","66332","75309","88279","","115702","","",
"Spain","ESP","Children out of school, primary, male","SE.PRM.UNER.MA","","","","","","","","","","","","134504","116098","98210","","","","","27416","29150","","","","","","","","","23126","13562","10415","","6484","","","","","","","","","","","","","","","","","","","","","","","","18911","43541","","",
"Estonia","EST","Children out of school, primary, male","SE.PRM.UNER.MA","","","","","","","","","","","","","","","","","","","","","","","","","","","","","","","","","","","","8115","5863","","","","","","","","854","674","523","","","","","","","381","742","1085","1235","1196","","",
"Ethiopia","ETH","Children out of school, primary, male","SE.PRM.UNER.MA","","","","","","","","","","","","","","","","","","","","","","","","","","","","2257608","2295837","2444625","","","","","3485383","3454478","3307403","","3047094","3019596","2901206","2763405","2733885","2811921","2811809","2273158","2109554","1833722","1493072","1613536","1788036","1500656","1415709","","880532","911879","","","","",
"European Union","EUU","Children out of school, primary, male","SE.PRM.UNER.MA","","","","","","","","","","","733685","734147","726211","754928","688769","665728","646113","646105","670560","685829","679915","728013","729219","803931","808546","833643","738013","676909","652966","672780","697014","749461","748664","689434","584513","541332","484818","437278","228835","233309","264016","249858","261115","275588","301152","218044","221589","210114","163205","181499","171584","165560","163776","160467","215253","195300","222718","251804","373598","",
"Fragile and conflict affected situations","FCS","Children out of school, primary, male","SE.PRM.UNER.MA","","","","","","","","","","","5517011","5652568","5671900","5547414","5828656","5862216","5776943","5872673","6021678","6050484","5942567","5817118","5996925","5906650","5969407","6129062","6218159","6583847","6799166","7098129","7641032","7265593","7527965","7731678","7718822","7503934","7952486","8362279","9006019","9634818","9458161","9129296","8886535","8548574","8326434","8197357","7854171","7837201","7101383","7094046","6989327","6922317","6797905","7107743","6937139","7088258","7151716","","7276353","",
"Finland","FIN","Children out of school, primary, male","SE.PRM.UNER.MA","","","","","","","","","","","","","","","","","","","","","","","","","","","","","","","","","","2446","2878","3463","3814","2666","747","","","","612","1809","3640","4597","5843","4427","3266","2915","2400","1846","901","1188","919","1118","1426","2287","","",
"Fiji","FJI","Children out of school, primary, male","SE.PRM.UNER.MA","","","","","","","","","","","","","","","","","","","","","","","","","","","","","","","","","1968","","1796","2724","3763","3523","3117","3467","2992","1231","","649","","","","","","554","","","","811","","302","","","","",
"France","FRA","Children out of school, primary, male","SE.PRM.UNER.MA","","","","","","","","","","","","66783","71028","","","","","15864","","26376","22636","","53922","102812","","106084","45629","","","","","","15330","42966","42454","19353","","2133","","64794","72517","73823","75192","79580","81089","","","","11188","19927","25514","8639","14744","17614","32595","12578","6482","","","",
"Faroe Islands","FRO","Children out of school, primary, male","SE.PRM.UNER.MA","","","","","","","","","","","","","","","","","","","","","","","","","","","","","","","","","","","","","","","","","","","","","","","","","","","","","","","","","","","","",
"Micronesia, Fed. Sts.","FSM","Children out of school, primary, male","SE.PRM.UNER.MA","","","","","","","","","","","","","","","","","","","","","","","","","","","","","","","","","","","","","","","","","","","","","","","","","","","","","","","684","1067","","","","",
"Gabon","GAB","Children out of school, primary, male","SE.PRM.UNER.MA","","","","","","","","","","","","","","","","","","","","","","","","","","","","","","","","","","","","","","8148","","","","","","","","","","","","","","","","","","","","","","",
"United Kingdom","GBR","Children out of school, primary, male","SE.PRM.UNER.MA","","","","","","","","","","","","51658","74636","104029","120308","124313","123136","111602","107340","98775","59781","61448","82531","113647","116785","139607","102605","45269","10287","","","45340","78586","","","","","","","","","","5717","","15196","","13248","53680","20715","38076","33662","35227","32221","3478","","","6361","7128","","",
"Georgia","GEO","Children out of school, primary, male","SE.PRM.UNER.MA","","","","","","","","","","","","","","","","","","","","","","","","","","","","","","","","","","","","12984","3576","","","","","","","","","","","","2957","5307","","4206","1211","","427","","3577","","","",
"Ghana","GHA","Children out of school, primary, male","SE.PRM.UNER.MA","","","","","","","","","","","","","","","","","","","","","","","","","","","","","","","","","","","","","","","","605029","489610","591960","538052","564741","","499234","487691","398499","304515","300154","","155835","","","","","","56903","84794","",
"Gibraltar","GIB","Children out of school, primary, male","SE.PRM.UNER.MA","","","","","","","","","","","","","","","","","","","596","626","","614","563","","","","","","","","","","","","","","","","","","","","","","","","","","","","","","","","","","","","","",
"Guinea","GIN","Children out of school, primary, male","SE.PRM.UNER.MA","","","","","","","","","","","","","","","","","","","","","","","","","263827","255102","276304","295500","301436","314382","330252","328195","","","","","","","320717","321261","319521","308608","263866","250673","237675","234654","230351","220419","233896","227430","199210","175736","182407","167548","136334","","142323","","","",
"Gambia, The","GMB","Children out of school, primary, male","SE.PRM.UNER.MA","","","","","","","","","","","","24469","25498","25959","26892","27415","27504","24936","23437","22054","20357","16371","14759","13629","14015","12967","14102","","","","","","33093","32120","","","31963","","36662","29192","35676","38632","42692","42466","44680","49133","43955","42339","49586","","48294","50878","48503","50114","52814","44905","43895","41254","39679","",
"Guinea-Bissau","GNB","Children out of school, primary, male","SE.PRM.UNER.MA","","","","","","","","","","","","","","","","","","","","","","23402","16100","","20787","22463","","33127","35588","","","","","","","","","","","","41500","","","","","","","","","","29854","","","","","","","","","",
"Equatorial Guinea","GNQ","Children out of school, primary, male","SE.PRM.UNER.MA","","","","","","","","","","","","","","","","","","","","","","","","","","","","","","","","","","","11633","","","","","","9971","8597","9543","11478","","","","","29825","32063","34145","35091","35655","","","42800","","","","",
"Greece","GRC","Children out of school, primary, male","SE.PRM.UNER.MA","","","","","","","","","","","","37327","35661","31297","24770","24259","24802","28119","31484","35042","41001","34442","32236","28360","28520","29058","33481","43168","39565","41184","40723","41198","49003","54344","53781","48766","45084","38599","11497","8182","3530","8399","7183","7516","6916","10700","10849","11701","","","6393","6139","4937","4392","8097","5996","4480","4374","","",
"Grenada","GRD","Children out of school, primary, male","SE.PRM.UNER.MA","","","","","","","","","","","","","1961","","","","","196","","","196","711","985","994","809","","","","","","","","","","","","","","","","","","","","","304","","","","","","","","","","","","","","",
"Greenland","GRL","Children out of school, primary, male","SE.PRM.UNER.MA","","","","","","","","","","","","","","","","","","","","","","","","","","","","","","","","","","","","","","","","","","","","","","","","","","","","","","","","","","","","",
"Guatemala","GTM","Children out of school, primary, male","SE.PRM.UNER.MA","","","","","","","","","","","238437","237349","239682","","246754","247014","","","255636","","","243826","275243","256805","","","","","","","","","","","","","","231120","","126258","112844","129644","106481","","69639","58764","45873","40100","44528","","","57729","93336","121485","144170","146694","153545","141185","129292","",
"Guam","GUM","Children out of school, primary, male","SE.PRM.UNER.MA","","","","","","","","","","","","","","","","","","","","","","","","","","","","","","","","","","","","","","","","","","","","","","","","","","","","","","","","","","","","",
"Guyana","GUY","Children out of school, primary, male","SE.PRM.UNER.MA","","","","","","","","","","","","9027","8101","","6758","","9255","5943","","8402","","","7829","","","","","","","","","4055","5140","6118","","4998","5756","","","","","","","3813","","","","","872","3646","1218","","","","","","","","","",
"High income","HIC","Children out of school, primary, male","SE.PRM.UNER.MA","","","","","","","","","","","","","","","","4643934","4324552","4104769","4001847","3950580","2863395","2870753","2646651","2896730","3041719","2998662","2644226","2266048","2029163","1840516","1843477","1835885","1974798","2057759","2148554","2012496","2065425","2121648","1516486","1346806","1368798","1302994","1401851","1359096","1295145","993322","983749","735904","631438","879036","797991","1028581","771996","754187","742561","587550","439140","519810","703377","",
"Hong Kong SAR, China","HKG","Children out of school, primary, male","SE.PRM.UNER.MA","","","","","","","","","","","","34048","30408","30121","24167","18725","16701","13031","13962","13134","2141","2504","5858","7233","8853","11805","","","","","","","","","","17830","16011","","","","","","","","","","","","","","","","","","","","","","","",
"Honduras","HND","Children out of school, primary, male","SE.PRM.UNER.MA","","","","","","","","","","","","","","","","","","","","77159","77652","","47056","45403","44289","","52211","","","","","62877","","59953","","","","","","","79411","","","59070","61359","90992","69964","103836","85864","93461","87059","83708","104763","123641","126217","132776","124055","114409","","",
"Heavily indebted poor countries (HIPC)","HPC","Children out of school, primary, male","SE.PRM.UNER.MA","","","","","","","","","","","","","10642933","10772419","10957781","10840949","10738557","10677665","10686393","10740406","10652704","10666873","11072652","11202713","11593570","11954827","12340543","12956242","13454363","14179793","14932181","15071678","15808456","16374070","16514108","15967946","16266082","15689947","16100105","16716504","16268855","15698114","14717079","13983817","13404498","12580184","11822557","11198240","9975283","10173041","10600000","10200000","10200000","9971523","9817754","10100000","10100000","10000000","10500000","",
"Croatia","HRV","Children out of school, primary, male","SE.PRM.UNER.MA","","","","","","","","","","","","","","","","","","","","","","","","","","","","","","","","","","","","","","","18281","8079","6318","2223","","","","","","","3777","8385","5615","3465","","","","","","","","",
"Haiti","HTI","Children out of school, primary, male","SE.PRM.UNER.MA","","","","","","","","","","","","","","","","","","","","","","263820","239685","228648","250688","232044","233534","293366","","","","","","","","","","271092","","","","","","","","","","","","","","","","","","","","","","",
"Hungary","HUN","Children out of school, primary, male","SE.PRM.UNER.MA","","","","","","","","","","","","","","","","","","","","","","","","","","","","","","","","","","","","","52078","31370","3518","2562","8146","6184","4875","7060","7393","4991","3927","5502","3669","3133","3722","5309","6428","6455","6104","5685","4297","4803","","",
"IBRD only","IBD","Children out of school, primary, male","SE.PRM.UNER.MA","","","","","","","","","","","25150936","25811384","25593596","23706028","23239394","22713520","22284580","22401152","24099508","23815186","22939884","21789924","21441820","20956436","19945264","18587248","16978816","16287085","14944796","13268553","13968024","13667353","14220208","14659377","15494363","17431738","18584932","20235964","18299904","15497398","14441833","13715691","13534616","12684557","11801211","10495676","10168579","7575686","7708772","8799873","8568453","9234568","7561816","7326612","7055418","6492140","6425499","6347399","6678478","",
"IDA & IBRD total","IBT","Children out of school, primary, male","SE.PRM.UNER.MA","","","","","","","","","","","44238632","45031120","44462856","42245948","42055992","41479380","41082048","40948476","42650248","42125592","41135372","39846064","39571096","39281120","39332632","38883460","38442212","38750624","37873740","37199924","38903100","38784584","39951892","40897556","42106504","44022912","46176300","47240708","45646840","43343064","41056196","39576008","38276384","36153584","33754360","31328816","31215688","26917480","27046428","28158704","28900000","29300000","27800000","27100000","26500000","26800000","26400000","26400000","26200000","",
"IDA total","IDA","Children out of school, primary, male","SE.PRM.UNER.MA","","","","","","","","","","","","","","","","","","","","","","","","","","","","","","","","","","","","","","","","","","","","","","","","","","","","","","","","","","","","",
"IDA blend","IDB","Children out of school, primary, male","SE.PRM.UNER.MA","","","","","","","","","","","","","","","","","","","","","","","","","","","","","","","","","","","","","","","8625079","8445768","8031957","7925238","8006250","7826269","7047632","6994414","7969305","6699992","7890397","7741919","8182649","8311164","8407682","7977627","7645895","8339982","7833378","8046826","7257909","",
"Indonesia","IDN","Children out of school, primary, male","SE.PRM.UNER.MA","","","","","","","","","","","","2318790","2275244","","2215170","2272410","2050853","","1117562","","","628708","","","","","","64015","","66962","304802","438234","536174","718043","619613","621753","851083","849363","","","","418627","551569","578626","681910","746392","564999","186422","425944","303066","434529","720353","648387","966571","909343","","608103","428719","482011","",
"IDA only","IDX","Children out of school, primary, male","SE.PRM.UNER.MA","","","","","","","","","","","13333281","13380383","12991780","12613432","13046061","12904010","12781084","12685905","12717310","12895339","12917155","13088844","13439385","13582795","14376200","14908755","15390198","16029276","16024275","16697284","17538500","17535034","18099928","18655600","18791980","18381932","18646676","18220364","18724972","19403364","18585400","17936310","16736161","15643407","14905684","13839449","13078093","12642095","11447722","11617466","12200000","11700000","11800000","11800000","11800000","12000000","12100000","12000000","12300000","",
"Isle of Man","IMN","Children out of school, primary, male","SE.PRM.UNER.MA","","","","","","","","","","","","","","","","","","","","","","","","","","","","","","","","","","","","","","","","","","","","","","","","","","","","","","","","","","","","",
"India","IND","Children out of school, primary, male","SE.PRM.UNER.MA","","","","","","","","","","","","10100315","","","","","","","","","","","","","","","","","","","6821828","","","","","","","","","","6373315","6878720","7353998","7008258","","","","1999230","2785734","3981236","3417648","3904269","2587681","2025529","","","","","","",
"Not classified","INX","Children out of school, primary, male","SE.PRM.UNER.MA","","","","","","","","","","","","","","","","","","","","","","","","","","","","","","","","","","","","","","","","","","","","","","","","","","","","","","","","","","","","",
"Ireland","IRL","Children out of school, primary, male","SE.PRM.UNER.MA","","","","","","","","","","","","5147","6302","6106","8399","9189","8541","8256","8957","10939","13996","18377","22678","26429","","","30240","28635","26535","25699","24898","25325","26559","26751","26027","24661","22196","","","228","","778","","","","","","","","","","5743","","","","","","","","",
"Iran, Islamic Rep.","IRN","Children out of school, primary, male","SE.PRM.UNER.MA","","","","","","","","","","","","","","","","","","","","","","","","","261759","309974","329222","354427","390266","437841","180772","","68660","","","","","298863","","563065","512893","","17998","65679","7306","97843","78413","130213","","50906","87749","83600","45406","","","","","","","",
"Iraq","IRQ","Children out of school, primary, male","SE.PRM.UNER.MA","","","","","","","","","","","","172138","151903","134436","120520","161554","75517","94795","102783","21341","16537","44873","","105479","","104395","97983","70320","68181","63488","","","","279715","","","339931","","","68743","95686","","","","24172","","","37653","","","","","","","","","","","","",
"Iceland","ISL","Children out of school, primary, male","SE.PRM.UNER.MA","","","","","","","","","","","","","","","","","","","","","","","","","","","","","","","","","","","404","","373","288","27","","","","","130","374","337","361","343","173","","147","209","297","242","206","202","60","","","",
"Israel","ISR","Children out of school, primary, male","SE.PRM.UNER.MA","","","","","","","","","","","","","","","","","","","","","","","","","","","","","","","","","","","","","","","","","","","","","","","","","","","","","","","","","","","","",
"Italy","ITA","Children out of school, primary, male","SE.PRM.UNER.MA","","","","","","","","","","","","","","","","","55165","","","12201","","","","","","23118","","","","","","","","","","","20641","11753","","","","","","","","","","","","","","","","29","10448","20839","28629","34673","","",
"Jamaica","JAM","Children out of school, primary, male","SE.PRM.UNER.MA","","","","","","","","","","","","","","","","11078","16141","15469","","9150","9619","8536","","7123","9137","10035","9422","3296","9479","4262","4859","7745","","10959","","","","","","15027","12529","12648","14755","17152","13256","","","","","","","","","","","22094","19196","19155","22182","",
"Jordan","JOR","Children out of school, primary, male","SE.PRM.UNER.MA","","","","","","","","","","","","","11515","3296","","","","","514","2894","18279","25978","27334","36876","38604","40152","","","","","","","","","","","","","","39639","37390","","30707","26757","27397","30512","39690","51615","64243","","94489","111265","132189","144211","","","152979","133448","129267","",
"Japan","JPN","Children out of school, primary, male","SE.PRM.UNER.MA","","","","","","","","","","","","","","","","","","","","","","","","","","","","","","","","","","","","","","","","","","","","","","","","","","","","","","","","","","","","",
"Kazakhstan","KAZ","Children out of school, primary, male","SE.PRM.UNER.MA","","","","","","","","","","","","","","","","","","","","","","","","","","","","","","","","","","","","","","","","","38463","","1840","","","","5364","5590","","","","","","","","","","","","",
"Kenya","KEN","Children out of school, primary, male","SE.PRM.UNER.MA","","","","","","","","","","","","","","","","","","","","","","","","","","","","","","","","","","","","","","","","1045323","990672","772073","760466","462009","534579","551122","606656","292730","450645","364751","","","761042","","","","","","","",
"Kyrgyz Republic","KGZ","Children out of school, primary, male","SE.PRM.UNER.MA","","","","","","","","","","","","","","","","","","","","","","","","","","","","","","","","","","","","","14243","","","12940","15555","12335","12572","12931","2892","8356","4914","7158","8109","9704","7741","8299","2514","","","","","","","",
"Cambodia","KHM","Children out of school, primary, male","SE.PRM.UNER.MA","","","","","","","","","","","","","","","","","","","","","","","","","","","","","","","","","","","","","","106325","92085","83903","17745","","","","","","41216","22540","32471","","50899","","","","33346","53870","68211","90046","94844","",
"Kiribati","KIR","Children out of school, primary, male","SE.PRM.UNER.MA","","","","","","","","","","","","","","","","","","","","","","","","","","66","203","345","","94","","","","","","","","","","","","","","","","","","","","","","","","","","","","","","",
"St. Kitts and Nevis","KNA","Children out of school, primary, male","SE.PRM.UNER.MA","","","","","","","","","","","","","","","","","","","","","","","","","","344","364","","","","","","","","","","","","","","","","","","","","","","20","","","","","","","","","","","",
"Korea, Rep.","KOR","Children out of school, primary, male","SE.PRM.UNER.MA","","","","","","","","","","","","66660","31317","53991","67724","68042","47186","76682","71968","30828","","","","","27625","43209","49244","18058","","","","","","","","","","","","","29232","44633","48506","27445","27028","","","","","7245","","","35411","69643","60305","21098","38639","33524","","",
"Kuwait","KWT","Children out of school, primary, male","SE.PRM.UNER.MA","","","","","","","","","","","","14373","15214","14099","13269","13062","13759","11836","4710","6280","10246","10544","10538","9191","8063","5339","5358","10683","13461","","","","53364","","26089","","4491","3897","","1401","6986","10571","8997","","","9424","","","","","","","","","","","6144","13546","","",
"Latin America & Caribbean (excluding high income)","LAC","Children out of school, primary, male","SE.PRM.UNER.MA","","","","","","","","","","","3260266","3283285","3248957","3140065","3062163","3076028","2960857","2790920","2695898","2337343","2263142","2070722","2057960","2084864","2141892","2078325","2165592","2196267","2335093","2609287","2534274","2486356","2174075","2029433","2136664","2150301","2035645","2177790","1473828","1071974","907636","797904","688082","716646","978149","773190","1101349","1123616","658571","756928","876410","855376","859666","978789","1015959","990182","968404","921319","1151204","",
"Lao PDR","LAO","Children out of school, primary, male","SE.PRM.UNER.MA","","","","","","","","","","","","","","","","","","","","","","","","","","","","","","","","","117207","104383","94948","","97489","92025","82148","83115","81351","85013","80931","70534","69489","64223","56729","46349","37565","30401","12803","15667","15593","9081","8742","16141","19003","26278","30203","",
"Lebanon","LBN","Children out of school, primary, male","SE.PRM.UNER.MA","","","","","","","","","","","","","","","","","","","","","","","","","","","","","","","","","","","","","","","","","","","","","","","","","","","","","","","","","","","","",
"Liberia","LBR","Children out of school, primary, male","SE.PRM.UNER.MA","","","","","","","","","","","","","","","","","","","","","","","","","","","","","","","","","","","","","","","","93576","","","","","","","","","156616","","","","","","21442","22437","57194","82261","","",
"Libya","LBY","Children out of school, primary, male","SE.PRM.UNER.MA","","","","","","","","","","","","12602","2689","","","","","","9981","","","2056","","","","","","","","","","","","","","","","","","","","","","","","","","","","","","","","","","","","","","",
"St. Lucia","LCA","Children out of school, primary, male","SE.PRM.UNER.MA","","","","","","","","","","","","","","","","","","","","","","1566","1159","","","","","","","","154","","","","","","","","","","790","666","","","389","551","325","396","","","","","","","","","56","180","204","",
"Latin America & Caribbean","LCN","Children out of school, primary, male","SE.PRM.UNER.MA","","","","","","","","","","","3322107","3333746","3298412","3186063","3112328","3123823","3004060","2829961","2735658","2389173","2333567","2131932","2148315","2196384","2276651","2211426","2310678","2348255","2495757","2761105","2678587","2627965","2329117","2182474","2293172","2307408","2190618","2538064","1595427","1180103","1020606","915821","809104","840955","1063842","850076","1170821","1174098","703641","820586","927457","915830","922212","1048343","1097060","1069404","1059195","1004387","1252795","",
"Least developed countries: UN classification","LDC","Children out of school, primary, male","SE.PRM.UNER.MA","","","","","","","","","","","12824148","12865475","12465231","12085497","12476858","12304788","12186404","12074768","12085780","12260828","12269122","12485034","12868056","12987976","13754695","14313527","14728392","15378826","15343564","16017157","16830856","16904520","17481348","18007868","18150448","17693998","17927732","17515812","17991092","18644526","17897252","17188644","16051926","14793301","14033242","12924416","12124758","11781424","10643572","10798013","11400000","11100000","11200000","10900000","10800000","11200000","11400000","11600000","11900000","",
"Low income","LIC","Children out of school, primary, male","SE.PRM.UNER.MA","","","","","","","","","","","","","8948793","9025348","9159819","9065873","8982235","8878451","8851263","8922063","8828632","8856731","9289186","9394371","9733362","10057515","10384710","10947092","11340991","11958732","12637323","12810339","13488556","14005706","14156445","13593000","13849253","13419511","13879029","14501453","14067924","13533808","12534575","11669575","11106418","10339209","9582498","9089954","8167167","8124363","8518056","8137191","7880552","7876268","7917214","8238457","8354909","8735009","9150818","",
"Liechtenstein","LIE","Children out of school, primary, male","SE.PRM.UNER.MA","","","","","","","","","","","","","","","","","","","","","","","","","","","","","","","","","","","","","","","","","","","","","","","","","","","","","","","27","","","","","",
"Sri Lanka","LKA","Children out of school, primary, male","SE.PRM.UNER.MA","","","","","","","","","","","","","","","","","","","","","","","","","","","","","","","","","","","","","","","","","","","","3934","","22976","25550","28369","35405","53184","37796","35434","33379","22275","14974","","","","","",
"Lower middle income","LMC","Children out of school, primary, male","SE.PRM.UNER.MA","","","","","","","","","","","24970488","25147146","24504114","23506648","23803910","23655752","23382792","22233216","22665040","22290256","21754960","20990540","20195804","19800686","19873684","20410036","20712828","21381256","21081126","20811234","22228928","22238368","22290926","21981636","21648702","22382168","22992092","23366092","23421636","22992644","21569572","21560128","22052876","21401134","19354374","17808912","17409424","14284829","15921899","16871692","17000000","17800000","16600000","15900000","15200000","15400000","14600000","14200000","13400000","",
"Low & middle income","LMY","Children out of school, primary, male","SE.PRM.UNER.MA","","","","","","","","","","","44163836","44971880","44427960","42224520","42025624","41437248","41033736","40896552","42591736","42058376","41064960","39824512","39557712","39249928","39289544","38844616","38382500","38669984","37781116","37082128","38772016","38653672","39792296","40760872","41950864","43840068","45987324","46871328","45538164","43242008","40948784","39469740","38157092","36025544","33657160","31243090","31150806","26870754","27008540","28097332","28900000","29200000","27800000","27100000","26400000","26800000","26300000","26300000","26100000","",
"Lesotho","LSO","Children out of school, primary, male","SE.PRM.UNER.MA","","","","","","","","","","","53600","","58371","58847","53143","","55631","56969","65247","66620","67535","68603","65316","67658","68334","66574","67722","67306","67072","69865","73730","72464","73079","77966","76281","76635","77890","","89209","92805","52967","48472","42041","36133","34109","29948","25166","26404","23582","22705","18463","17741","17719","16594","15859","12787","9258","4299","","",
"Late-demographic dividend","LTE","Children out of school, primary, male","SE.PRM.UNER.MA","","","","","","","","","","","","","","","","","","","","","","","","","","","5339728","4302156","3258184","2792975","2867863","2885864","3255326","3796142","4813004","6229321","7358602","8535316","6839728","4489965","4179665","3789902","3453140","2866756","3183250","3000596","3976604","3268196","2424776","2656745","2798213","2571539","2319502","2402345","2372699","2329258","2252122","2167502","2310029","",
"Lithuania","LTU","Children out of school, primary, male","SE.PRM.UNER.MA","","","","","","","","","","","","","","","","","","","","","","","","","","","","","","","","","","","","","","","4178","","","","","42","","","","","","","","","","","","","","","","",
"Luxembourg","LUX","Children out of school, primary, male","SE.PRM.UNER.MA","","","","","","","","","","","","","1517","1756","1304","1445","1494","1687","1697","","","3006","2218","2242","2404","","2376","2809","2070","","","","","","","","","","","452","658","443","400","770","673","364","276","249","412","","936","1042","700","797","524","209","","","","",
"Latvia","LVA","Children out of school, primary, male","SE.PRM.UNER.MA","","","","","","","","","","","","","","","","","","","","","","","","","","","","","","","","","","","","","","","","","","","","","","","","","","523","529","461","927","1222","1354","1424","1293","1187","","",
"Macao SAR, China","MAC","Children out of school, primary, male","SE.PRM.UNER.MA","","","","","","","","","","","","","","","","","","","","","","","","","","","","","","","1503","","2692","","","","","","","2234","2440","2989","2710","2655","2401","2327","2469","2030","2008","2216","2204","1990","1763","1558","1062","606","322","346","446","",
"St. Martin (French part)","MAF","Children out of school, primary, male","SE.PRM.UNER.MA","","","","","","","","","","","","","","","","","","","","","","","","","","","","","","","","","","","","","","","","","","","","","","","","","","","","","","","","","","","","",
"Morocco","MAR","Children out of school, primary, male","SE.PRM.UNER.MA","","","","","","","","","","","","","","","","646969","612823","550679","502116","468797","431066","394298","398983","370431","334036","364979","404525","451007","496610","552907","558462","688495","700551","669594","627246","575172","530943","499763","541929","306232","276309","253283","231734","208312","212382","197487","169693","142777","138291","171184","111117","96170","109215","85243","99661","","81091","43383","","",
"Monaco","MCO","Children out of school, primary, male","SE.PRM.UNER.MA","","","","","","","","","","","","","","","","","","","","","","","","","","","","","","","","","","","","","","","","","","","","","","","","","","","","","","","","","","","","",
"Moldova","MDA","Children out of school, primary, male","SE.PRM.UNER.MA","","","","","","","","","","","","","","","","","","","","","","","","","","","","","","","","","","","","","","","","","8873","3993","4415","731","1564","4311","6991","7035","6226","6224","6466","5847","6067","6010","5798","6186","6253","7043","7353","",
"Madagascar","MDG","Children out of school, primary, male","SE.PRM.UNER.MA","","","","","","","","","","","","","161304","","","","","","","","","","","","","","","","","267580","288753","","","","","446330","411354","","","371547","364910","364088","372183","266025","","","","","","","","","","","","","","","","",
"Maldives","MDV","Children out of school, primary, male","SE.PRM.UNER.MA","","","","","","","","","","","","","","","","","","","","","","","","","","","","","","","","","","","","","","1279","","635","742","","395","","","","","","","","","","","","","","774","1217","","",
"Middle East & North Africa","MEA","Children out of school, primary, male","SE.PRM.UNER.MA","","","","","","","","","","","2779299","2863749","2674778","2638486","2618235","2537384","2378903","2325505","2287400","2395303","2285625","2374747","2366759","2389189","2300021","2381725","2394338","2373414","2425457","2548603","2260329","2292316","2622176","2695875","2580143","2744662","2593726","2608948","2738574","2639228","2454081","1917748","1622085","1518726","1364927","1449122","1502338","1303101","1153920","1025997","828505","885067","671934","921156","","","","","","",
"Mexico","MEX","Children out of school, primary, male","SE.PRM.UNER.MA","","","","","","","","","","","","840881","","","","","","","","","","","","","","","","","","","","","","","","","","248792","203715","","","","","","","","","","","","","","","","","","","","","",
"Marshall Islands","MHL","Children out of school, primary, male","SE.PRM.UNER.MA","","","","","","","","","","","","","","","","","","","","","","","","","","","","","","","","","","","","","","","","","","","","","","","","","","","","207","","","","1263","1215","","","",
"Middle income","MIC","Children out of school, primary, male","SE.PRM.UNER.MA","","","","","","","","","","","35596040","36233100","35479168","33199174","32865806","32371376","32051500","32018104","33740472","33136316","32236328","30967784","30268528","29855558","29556180","28787100","27997792","27722894","26440126","25123396","26134696","25843332","26303740","26755164","27794416","30247068","32138070","33451818","31659136","28740556","26880860","25935932","25622516","24355970","22550740","20903880","21568308","17780800","18841372","19972968","20400000","21100000","19900000","19200000","18500000","18600000","17900000","17600000","16900000","",
"North Macedonia","MKD","Children out of school, primary, male","SE.PRM.UNER.MA","","","","","","","","","","","","","","","","","","","","","","","","","","","","","","","","","","","","","","","4838","4831","978","2145","2857","3461","2847","2906","3962","3564","5474","4356","2335","","4926","5665","4914","3214","","","","",
"Mali","MLI","Children out of school, primary, male","SE.PRM.UNER.MA","","","","","","","","","","","","347795","","","","","","","","","","","","","","","","","","","","","","","","","","","","425375","","","392343","404263","439146","380465","382670","373768","","317554","321999","326859","375128","","469115","531456","524023","465237","631173","",
"Malta","MLT","Children out of school, primary, male","SE.PRM.UNER.MA","","","","","","","","","","","","3661","3684","3967","3708","2933","1790","1020","308","197","502","747","1038","1105","1043","527","726","946","1074","1000","855","715","630","532","767","527","476","413","","","","","","","","","","","","","","","","","","","","","","",
"Myanmar","MMR","Children out of school, primary, male","SE.PRM.UNER.MA","","","","","","","","","","","","664403","","531532","778336","","","","730836","","","","","","","","","","","","","","","","","","","","","","228845","201050","266946","225174","263954","281842","275675","423998","252921","266257","273482","","","","","","","","","",
"Middle East & North Africa (excluding high income)","MNA","Children out of school, primary, male","SE.PRM.UNER.MA","","","","","","","","","","","2492062","2563746","2366588","2320943","2292006","2204944","2033202","1972834","1928132","2013951","1887039","1956827","1934860","1942550","1845592","1915553","1919913","1892161","1931136","2039882","1734299","1736150","2056653","2136086","2032851","2226255","2103967","2138587","2297064","2227727","2054761","1533955","1266483","1188642","1064223","1172296","1259856","1117944","1007443","882865","761558","817019","648414","855689","","","","","","",
"Montenegro","MNE","Children out of school, primary, male","SE.PRM.UNER.MA","","","","","","","","","","","","","","","","","","","","","","","","","","","","","","","","","","","","","","","","","","","","614","","503","328","750","762","","","","790","","","967","960","590","","",
"Mongolia","MNG","Children out of school, primary, male","SE.PRM.UNER.MA","","","","","","","","","","","","","","","","","","","","","","","","","","","","","","","","","","","","17982","15022","20383","16246","13306","10439","8733","9392","16673","7868","10600","3966","1140","","","","","302","3454","4070","2373","","","","",
"Northern Mariana Islands","MNP","Children out of school, primary, male","SE.PRM.UNER.MA","","","","","","","","","","","","","","","","","","","","","","","","","","","","","","","","","","","","","","","","","","","","","","","","","","","","","","","","","","","","",
"Mozambique","MOZ","Children out of school, primary, male","SE.PRM.UNER.MA","","","","","","","","","","","","","","363644","","","","","","359595","","398077","415180","298606","","295408","310428","422261","","469603","","472867","500508","521121","519862","506054","","","695166","657425","615251","559699","686462","","482896","400724","341368","245410","188186","183689","160555","231020","233811","209883","198421","155357","199898","241463","134743","",
"Mauritania","MRT","Children out of school, primary, male","SE.PRM.UNER.MA","","","","","","","","","","","","","","","","","","","","","","","","","","","","","","","","","","","94139","83805","80786","","80618","84409","84871","77306","81240","75910","61860","67476","62199","62108","73665","76526","77583","79087","86073","78288","74126","","89421","76737","69108","",
"Mauritius","MUS","Children out of school, primary, male","SE.PRM.UNER.MA","","","","","","","","","","","","","17918","16954","15651","14089","13438","10664","12284","14269","14016","11794","7518","5336","3427","","1176","","","","2140","5011","","4754","3961","3360","1840","1300","","","","","","","1461","694","","","","977","","","2943","1814","","","","","","",
"Malawi","MWI","Children out of school, primary, male","SE.PRM.UNER.MA","","","","","","","","","","","","","","","","","","","","","","","","","","","","","","","","","","","","","","","","","","","","","","","","87040","","","","","","","","","","","","",
"Malaysia","MYS","Children out of school, primary, male","SE.PRM.UNER.MA","","","","","","","","","","","91467","107947","98795","","","","","","","","","","","","","","","","","","","","","","43143","","","","61421","36646","26459","35296","54332","46692","11156","8573","98846","98176","86685","93106","65132","57063","29181","","470","","","","","",
"North America","NAC","Children out of school, primary, male","SE.PRM.UNER.MA","","","","","","","","","","","","","","","","","","","","","","","","","","1063179","848616","641556","501379","346696","207581","144204","255484","378433","504069","388677","530103","431857","335182","239419","276027","263485","354153","325388","300866","140669","178135","52762","61142","289219","316389","539298","318147","290391","299423","218900","37316","67277","35204","",
"Namibia","NAM","Children out of school, primary, male","SE.PRM.UNER.MA","","","","","","","","","","","","","","","","","","","","","","","","","","","","","","","","","","","","","","","","","","","","","","","","","","","","","","","","","","","","",
"New Caledonia","NCL","Children out of school, primary, male","SE.PRM.UNER.MA","","","","","","","","","","","","","","","","","","","","","","","","","","","","","","","","","","","","","","","","","","","","","","","","","","","","","","","","","","","","",
"Niger","NER","Children out of school, primary, male","SE.PRM.UNER.MA","","","","","","","","","","","","","","354851","365004","","","","","","","","","","","","407635","","","461591","480042","491686","523622","","","","","578982","596261","603375","621985","604539","582479","565477","549018","581677","593935","609562","599744","575322","541802","494477","506858","539085","569041","562414","566897","539592","","",
"Nigeria","NGA","Children out of school, primary, male","SE.PRM.UNER.MA","","","","","","","","","","","","","","","","","","","","","","","","","","","","","","","","","","","","","","","","3033289","2773712","","","","2951925","3005721","3101169","2457076","3473187","3477155","3646385","","","","","","","","","",
"Nicaragua","NIC","Children out of school, primary, male","SE.PRM.UNER.MA","","","","","","","","","","","","103409","","107586","","","","","","","103392","","114273","117255","124634","119623","126372","124135","128273","137543","130246","122661","114038","112146","109022","116738","","","","78023","66761","50671","21013","","","","13258","14451","11207","","19224","","","","","","","","","",
"Netherlands","NLD","Children out of school, primary, male","SE.PRM.UNER.MA","","","","","","","","","","","","60832","65910","71569","77178","78463","71600","69454","65511","61081","59211","61835","73491","83960","89198","89200","53510","42482","33817","30972","32507","36312","39479","45672","4864","3602","2098","472","","","","","","","","","","","","","","","","","","","","8082","","",
"Norway","NOR","Children out of school, primary, male","SE.PRM.UNER.MA","","","","","","","","","","","","","","","","","1207","","2631","3603","","3627","4125","","5436","6942","6436","5479","3823","2156","510","","642","2396","2689","2897","2962","32054","","","","","","395","1632","3653","3854","2220","1630","1967","2076","1274","","","100","","","","","",
"Nepal","NPL","Children out of school, primary, male","SE.PRM.UNER.MA","","","","","","","","","","","","","","","","","","","","","","","","186978","188690","","","","144291","","","","","","","","","","","405154","326292","","","254420","250291","","","","","","","","","","","","","","","",
"Nauru","NRU","Children out of school, primary, male","SE.PRM.UNER.MA","","","","","","","","","","","","","","","","","","","","","","","","","","","","","","","","","","","","","","","","","","","","","","","","","","","","","133","","","","","","","",
"New Zealand","NZL","Children out of school, primary, male","SE.PRM.UNER.MA","","","","","","","","","","","","","","880","512","","","","","","","","","640","","","","","","","","1363","3636","","4876","2797","1654","","","","","","","","","","","","","","","","","3536","4028","3928","2600","","","",
"OECD members","OED","Children out of school, primary, male","SE.PRM.UNER.MA","","","","","","","","","","","","","5562018","5215507","5178865","5098544","4751852","4435691","4314884","3971349","2748819","2646559","2311449","2511375","2567737","2539395","2152192","1786102","1572778","1533313","1385116","1375207","1479655","1645092","1812213","1758026","1863824","1936946","1261816","893455","916117","872186","1010352","998421","973443","691909","712197","516320","488525","817342","805409","1077055","922702","838555","841489","705430","564486","589714","785319","",
"Oman","OMN","Children out of school, primary, male","SE.PRM.UNER.MA","","","","","","","","","","","","","","52088","49433","44556","46630","","42787","42348","","42101","42380","43876","40316","43011","42454","40606","44516","45335","46540","48343","48173","46050","46557","44269","37960","38275","35162","31093","28953","27303","25815","26740","","","","","","","","2862","","","","","","","","",
"Other small states","OSS","Children out of school, primary, male","SE.PRM.UNER.MA","","","","","","","","","","","278174","290874","288878","285185","275846","264659","257976","255711","266048","273392","271456","262655","251138","253818","254360","250059","261144","269691","281408","298893","326019","334351","350734","355606","346278","351680","351044","353874","348801","349470","312532","299581","288634","284683","282685","279678","264411","262812","265436","261619","250302","235923","236664","241077","243770","242886","243933","235628","247425","",
"Pakistan","PAK","Children out of school, primary, male","SE.PRM.UNER.MA","","","","","","","","","","","","","","","","","","","","","","","","","","","","","","","","","","","","","","","","","","","3634900","3699137","2885679","2747755","3592640","3310182","3374606","3392864","3350017","3766237","3900296","3343134","2789642","3297080","2722153","2781830","2309400","",
"Panama","PAN","Children out of school, primary, male","SE.PRM.UNER.MA","","","","","","","","","","","33949","24107","21124","18548","","16473","17800","","14966","17931","19517","22130","24063","26057","26462","25849","25298","24596","26624","24560","24250","","","","","","","","","11032","8745","5486","993","","","1332","36","","2138","7464","5463","8123","9475","13256","18866","22301","","29277","","",
"Peru","PER","Children out of school, primary, male","SE.PRM.UNER.MA","","","","","","","","","","","240895","","","","","","","","","","","146259","","","","","","","","","","","","175221","","273671","","","60889","36934","23465","","","45531","","","","","","27286","","17942","","","","","","","","",
"Philippines","PHL","Children out of school, primary, male","SE.PRM.UNER.MA","","","","","","","","","","","","","","","","","","","","","","250059","315377","382245","279829","","271599","228712","205004","139670","801302","","","","","","","","381257","663227","","621548","628038","647405","701351","702377","813757","808541","750146","595173","","","","","225734","215431","232494","209179","","",
"Palau","PLW","Children out of school, primary, male","SE.PRM.UNER.MA","","","","","","","","","","","","","","","","","","","","","","","","","","","","","","","","","","","","","","","","","","","","","","","","","","","","","","","","","","","","",
"Papua New Guinea","PNG","Children out of school, primary, male","SE.PRM.UNER.MA","","","","","","","","","","","","","","","","","","","","","","","","","","","","","","139914","","","","","","","","","","","","","","","","","","","","","","","","","","","27156","","","",
"Poland","POL","Children out of school, primary, male","SE.PRM.UNER.MA","","","","","","","","","","","","","","","","","","","","","","","","","","","","","","","","","","","","","","","","49263","51264","55628","69626","83287","92575","98289","92286","86388","74744","64396","56490","55922","45139","38601","39525","","","31164","","",
"Pre-demographic dividend","PRE","Children out of school, primary, male","SE.PRM.UNER.MA","","","","","","","","","","","","","","11685702","11590837","11524725","11475141","11196640","10811120","10331196","10263840","10268034","10470825","10625939","11030578","11645174","12464743","13286979","14006297","14746377","15272339","15452593","16032160","16298305","16613689","16461672","17581410","16856000","17189440","17508380","16978316","16338115","15388405","14238920","13772398","13572828","13193916","12056893","12407407","12469619","13300000","13100000","13300000","13700000","13800000","14200000","14400000","14700000","14800000","",
"Puerto Rico","PRI","Children out of school, primary, male","SE.PRM.UNER.MA","","","","","","","","","","","","","","","","","","","","","","","","","","","","","","","","","","","","","","","","","","","","","","","","","","","20134","24937","22992","22546","24783","26421","31743","","","",
"Korea, Dem. People’s Rep.","PRK","Children out of school, primary, male","SE.PRM.UNER.MA","","","","","","","","","","","","","","","","","","","","","","","","","","","","","","","","","","","","","","","","","","","","","","","","","","18324","","","","","","39596","","","","",
"Portugal","PRT","Children out of school, primary, male","SE.PRM.UNER.MA","","","","","","","","","","","","","","56688","55761","","34306","28540","16323","","19488","17411","","","","","","","","","","5855","","","514","","","","","","","","","","","","","","","","","","","","708","2972","4545","184","","",
"Paraguay","PRY","Children out of school, primary, male","SE.PRM.UNER.MA","","","","","","","","","","","42002","","69461","","","49432","47058","45586","41959","39199","33980","29515","","28994","31313","32931","37107","36554","32876","28900","23533","18131","53024","14962","35988","","26636","","","11476","6306","6849","13747","15680","18210","17133","23486","31204","37526","43177","41942","42576","44247","","","","","","","",
"West Bank and Gaza","PSE","Children out of school, primary, male","SE.PRM.UNER.MA","","","","","","","","","","","","","","","","","","","","","","","","","","","","","","","","","","","","","","","","17953","16873","22453","23711","26744","28383","32499","34299","36048","30244","25518","20453","18844","11291","12540","9160","11070","10641","6126","6982","",
"Pacific island small states","PSS","Children out of school, primary, male","SE.PRM.UNER.MA","","","","","","","","","","","","","","","","","","","","","","","","","","","","","","","","16651","15867","13483","12661","12393","16661","12821","14226","16449","16157","12625","11309","10872","10463","10484","9456","9552","10040","10848","10813","11985","14608","3002","3659","4834","18933","","","",
"Post-demographic dividend","PST","Children out of school, primary, male","SE.PRM.UNER.MA","","","","","","","","","","","","","","","","4580671","4209852","3953033","3807663","3707737","2582783","2615566","2377114","2602452","2714659","2654695","2263105","1870361","1576590","1359858","1335891","1212581","1334400","1428980","1497871","1375510","1464012","1339246","1033125","891330","912537","816798","883782","927948","918373","648134","700177","526956","486238","717554","701362","904479","710462","655883","712026","575455","410649","466780","577827","",
"French Polynesia","PYF","Children out of school, primary, male","SE.PRM.UNER.MA","","","","","","","","","","","","","","","","","","","","","","","","","","","","","","","","","","","","","","","","","","","","","","","","","","","","","","","","","","","","",
"Qatar","QAT","Children out of school, primary, male","SE.PRM.UNER.MA","","","","","","","","","","","","978","1062","1095","1194","","1318","873","436","183","","430","","552","830","1554","1927","2143","2658","2914","3371","4976","5948","6755","5537","","","","","","1627","","","","","","3237","","","","","","","4553","4406","2520","1644","1359","2202","",
"Romania","ROU","Children out of school, primary, male","SE.PRM.UNER.MA","","","","","","","","","","","","","","","","","","","","","","","","","","","","","","","","","","172076","116627","84245","76889","77710","51001","66618","61696","52300","32228","11502","","748","10160","9950","9640","8470","8610","10955","15087","","","41252","52735","","","",
"Russian Federation","RUS","Children out of school, primary, male","SE.PRM.UNER.MA","","","","","","","","","","","","","","","","","","","","","","","","","","","","","","","","","","","117844","255375","","","","","","","","","","","222621","190491","68613","38306","","","","","90743","54539","30623","","","",
"Rwanda","RWA","Children out of school, primary, male","SE.PRM.UNER.MA","","","","","","","","","","","","","","131427","140972","154887","","152505","150450","","","","","","","","","","","","","","","","","","","","","84033","","","135410","105568","","","","","","","","","","","","","12606","28745","42956","",
"South Asia","SAS","Children out of school, primary, male","SE.PRM.UNER.MA","","","","","","","","","","","14253758","14309474","13819434","12820542","13050560","12873187","12887585","12388237","13329574","13581940","13509781","13329432","13443875","12986834","13058775","13227204","12847844","13577221","12807560","12190832","12322529","12664039","12868403","12642923","12390527","12552870","12747205","12999965","13635703","13510550","12754049","13243200","13196987","12481610","10214910","8673035","8186728","6656837","7670601","8924955","8450517","9452841","8373510","7234816","6593789","6745448","6166609","6340950","5640582","",
"Saudi Arabia","SAU","Children out of school, primary, male","SE.PRM.UNER.MA","","","","","","","","","","","","","","","","","","","","308351","","","","","","","","","","","","","","","","","","","","","","","","","","","","","","116076","42318","45125","","","","","","","","",
"Sudan","SDN","Children out of school, primary, male","SE.PRM.UNER.MA","","","","","","","","","","","","","","","","","","","","","","","","","","","","","","","","","","","","","","","","","","","","","","","","","","","","1098568","1364674","1372295","1414961","1411004","1385360","1216359","","",
"Senegal","SEN","Children out of school, primary, male","SE.PRM.UNER.MA","","","","","","","","","","","","","","","","","","","270191","267075","270500","271293","270791","269589","275612","282381","249924","","267858","","306381","","335182","","","","336908","312019","301576","314154","302398","","","269231","314380","314986","299027","286953","291210","299801","300469","302847","285500","305877","309549","325841","366930","349071","","",
"Singapore","SGP","Children out of school, primary, male","SE.PRM.UNER.MA","","","","","","","","","","","","","","","","","","","","","","","","","","","","","","","","","","","","","","","","","","","","","","","","","","","","","","","","","","","","",
"Solomon Islands","SLB","Children out of school, primary, male","SE.PRM.UNER.MA","","","","","","","","","","","","","","","","","","","","","","","","","","","","","","","","","","","","","","","","","","","","","","9025","7402","7336","","","","","","","","","","","2369","",
"Sierra Leone","SLE","Children out of school, primary, male","SE.PRM.UNER.MA","","","","","","","","","","","","","","","","","","","","","","","","157879","","","","","","","","","","","","","","","","","","","","","","","","","","","","","20131","","","10200","","","","",
"El Salvador","SLV","Children out of school, primary, male","SE.PRM.UNER.MA","","","","","","","","","","","105267","","","","","","","","","","","","","","","","","","","","","","","","","","","","92110","","32168","29556","22406","19718","","","","","","","","","","","26255","34049","39331","53627","","",
"San Marino","SMR","Children out of school, primary, male","SE.PRM.UNER.MA","","","","","","","","","","","","","","","","","","","","","","","","","","","91","117","159","140","111","66","66","55","62","","92","87","","","130","","","","","","","","","","","","","","","","","","","",
"Somalia","SOM","Children out of school, primary, male","SE.PRM.UNER.MA","","","","","","","","","","","","","","","","","234247","272814","324228","363718","394541","","","","","","","","","","","","","","","","","","","","","","","","","","","","","","","","","","","","","","","",
"Serbia","SRB","Children out of school, primary, male","SE.PRM.UNER.MA","","","","","","","","","","","","","","","","","","","","","","","","","","","","","","","","","","","","","","","","","","","","","","","257","1482","1912","4472","7338","4024","5665","5625","2140","1253","1227","1502","2190","",
"Sub-Saharan Africa (excluding high income)","SSA","Children out of school, primary, male","SE.PRM.UNER.MA","","","","","","","","","","","","","","","","14482391","14610455","14423514","14260844","13860132","13576540","13342929","13354762","13614736","14247419","15042097","16055322","16997982","17876272","18054896","18866348","19038472","19667740","20032702","20373596","20138788","21008736","20213964","20415356","20667644","19745684","19021242","18342970","17410848","16918796","16007462","15396689","13757874","13692379","13840803","14900000","14200000","14400000","14300000","14500000","14800000","15100000","15200000","15400000","",
"South Sudan","SSD","Children out of school, primary, male","SE.PRM.UNER.MA","","","","","","","","","","","","","","","","","","","","","","","","","","","","","","","","","","","","","","","","","","","","","","","","","","","","392853","","","","508255","","","","",
"Sub-Saharan Africa","SSF","Children out of school, primary, male","SE.PRM.UNER.MA","","","","","","","","","","","","","","","","14482993","14611222","14424306","14261635","13861036","13577609","13343872","13355605","13615559","14248273","15042832","16055961","16998752","17877148","18055752","18867120","19039128","19668384","20033282","20374096","20139268","21009180","20214236","20415386","20667674","19745768","19021680","18343012","17410868","16918816","16007484","15396773","13757952","13692464","13840891","14900000","14200000","14400000","14300000","14500000","14800000","15100000","15200000","15400000","",
"Small states","SST","Children out of school, primary, male","SE.PRM.UNER.MA","","","","","","","","","","","324651","335498","329322","326619","312866","312429","310534","298235","310149","319370","325124","314525","297617","300585","301993","298790","309552","307203","321501","332746","367570","381466","397880","403015","392020","395437","398655","397672","391313","391981","353546","339739","334799","330321","321331","320707","306152","304354","305792","305810","293910","279927","285005","280501","285371","279477","292151","286786","288559","",
"Sao Tome and Principe","STP","Children out of school, primary, male","SE.PRM.UNER.MA","","","","","","","","","","","","","","","","","","","","","","","","303","311","","","","721","","314","","","","","","","","","2272","","","284","239","108","100","","1463","1329","1503","1536","","","1954","1870","1793","","1063","","",
"Suriname","SUR","Children out of school, primary, male","SE.PRM.UNER.MA","","","","","","","","","","","","","","","","","","1739","1023","","","","","","","","","","","","","","","","","","","","","","","","","","","5766","5268","5801","4172","3399","3892","4562","4337","4432","4779","4006","3653","5019","4961","",
"Slovak Republic","SVK","Children out of school, primary, male","SE.PRM.UNER.MA","","","","","","","","","","","","","","","","","","","","","","","","","","","","","","","","","","","","","","","","","","5208","9517","10511","11219","8836","5652","2848","2860","4112","5122","5738","4476","4113","5502","6676","7256","6493","","",
"Slovenia","SVN","Children out of school, primary, male","SE.PRM.UNER.MA","","","","","","","","","","","","","","","","","","","","","","","","","","","","","","","","","","","","3853","2837","2300","1225","1631","2523","1570","1288","841","362","","","416","347","399","359","327","","574","687","","","","","",
"Sweden","SWE","Children out of school, primary, male","SE.PRM.UNER.MA","","","","","","","","","","","","","","","","","","","","","","","13677","","","","","5398","4829","3630","1520","1142","","","","","","","","","","","","1256","9393","14607","15232","10568","2888","","","","","","","","","","","",
"Eswatini","SWZ","Children out of school, primary, male","SE.PRM.UNER.MA","","","","","","","","","","","17949","18639","18339","17520","17911","17544","17698","17831","18834","19557","","19026","20317","22706","23302","23382","24608","25141","25985","27799","26855","27043","26082","26561","25210","22266","22632","","","","","","","","","","","","","16846","11133","3786","9613","14249","13891","15323","15389","17918","","",
"Sint Maarten (Dutch part)","SXM","Children out of school, primary, male","SE.PRM.UNER.MA","","","","","","","","","","","","","","","","","","","","","","","","","","","","","","","","","","","","","","","","","","","","","","","","","","","","","","","","","","","","",
"Seychelles","SYC","Children out of school, primary, male","SE.PRM.UNER.MA","","","","","","","","","","","","","","","","","","","","904","","","","","","","","","","","","","","580","501","480","444","","","","","438","43","","","","","","","","","","","","","","","","","",
"Syrian Arab Republic","SYR","Children out of school, primary, male","SE.PRM.UNER.MA","","","","","","","","","","","","52165","","7638","","","","","6986","17302","26943","38026","49773","55175","47957","43399","35774","8463","12011","11811","14545","","","","","","105","13014","3117","","","","","","","","","","","","","","","259499","","","","","","",
"Turks and Caicos Islands","TCA","Children out of school, primary, male","SE.PRM.UNER.MA","","","","","","","","","","","","","","","","","","","","","","","","","","","","","","","","","","","","","","","","","","","","","","","","","","","","","","","","","","","","",
"Chad","TCD","Children out of school, primary, male","SE.PRM.UNER.MA","","","","","","","","","","","","","","","","202544","","209927","","","","","","","","","","","251994","","","","","","","","","291649","266130","269593","274000","279609","260755","262371","","","","","","","","318921","","130523","","132382","221475","","","",
"East Asia & Pacific (IDA & IBRD countries)","TEA","Children out of school, primary, male","SE.PRM.UNER.MA","","","","","","","","","","","","","","","","","","","","","","","","","","","4612793","3277613","2182088","1502311","2641375","2183993","2462576","3276294","4320247","5916675","7291117","8508481","6934135","5053564","4707248","4193597","4123472","3903482","4146085","4127644","4680540","3705431","3571100","3220119","3401043","3479999","3093253","3349329","2976280","2824934","2666161","2530341","2546033","",
"Europe & Central Asia (IDA & IBRD countries)","TEC","Children out of school, primary, male","SE.PRM.UNER.MA","","","","","","","","","","","","","","","","","","","","","","","","","","","","","","","","","","710598","768504","955287","894667","892423","820607","749586","818389","718790","589890","388612","409065","569799","600212","578164","468506","526118","572105","440999","441211","392273","452283","427014","440181","429133","557581","",
"Togo","TGO","Children out of school, primary, male","SE.PRM.UNER.MA","","","","","","","","","","","","50147","52625","","","","","","27028","27172","28745","","39078","52076","72665","81780","99962","70358","73482","75686","76322","70757","","","92315","59658","27868","38869","","","","509","","1241","","1386","","17247","15525","","","","","","26541","","30316","27382","","",
"Thailand","THA","Children out of school, primary, male","SE.PRM.UNER.MA","","","","","","","","","","","","","","765656","793913","","","","","","","","","","","","","","","","","","","","","","","","","","","","","","","","8371","20849","38089","41476","","","","","","","","","","",
"Tajikistan","TJK","Children out of school, primary, male","SE.PRM.UNER.MA","","","","","","","","","","","","","","","","","","","","","","","","","","","","","","","","","","","","","","","","","4113","3654","3584","","","","","","","","","","","","3323","4830","4717","","","",
"Turkmenistan","TKM","Children out of school, primary, male","SE.PRM.UNER.MA","","","","","","","","","","","","","","","","","","","","","","","","","","","","","","","","","","","","","","","","","","","","","","","","","","","","","","","","","","","","",
"Latin America & the Caribbean (IDA & IBRD countries)","TLA","Children out of school, primary, male","SE.PRM.UNER.MA","","","","","","","","","","","3289386","3298417","3255226","3152651","3086381","3115121","3003328","2829365","2735013","2381450","2310361","2073955","2066475","2115391","2183100","2114356","2221896","2272992","2423693","2690475","2604043","2550094","2260196","2118106","2240961","2254309","2150873","2505771","1562896","1151916","992855","887239","780249","807115","1029640","811057","1125878","1137202","666558","789274","900861","883136","886322","1012761","1047187","1016366","1002121","952561","1210787","",
"Timor-Leste","TLS","Children out of school, primary, male","SE.PRM.UNER.MA","","","","","","","","","","","","","","","","","","","","","","","","","","","","","","","","","","","","","","","","","","","","","","","","","12849","7516","8271","5643","7642","7137","7487","6488","6357","4177","5089","",
"Middle East & North Africa (IDA & IBRD countries)","TMN","Children out of school, primary, male","SE.PRM.UNER.MA","","","","","","","","","","","2482054","2553534","2355999","2309895","2280492","2193018","2020931","1960229","1915253","2000839","1873696","1943227","1920940","1928228","1830800","1900259","1904129","1875871","1914375","2022672","1716619","1717924","2037734","2116352","2012169","2204502","2083260","2119833","2278111","2209774","2037888","1511502","1242772","1161898","1035840","1139797","1225557","1081896","977199","857347","741105","798175","637123","843149","","","","","","",
"Tonga","TON","Children out of school, primary, male","SE.PRM.UNER.MA","","","","","","","","","","","1024","829","396","","901","240","","","","","","","","903","","305","222","","","","681","","","655","","","","","393","199","","","","","","","","","","","","","","","","","","","","",
"South Asia (IDA & IBRD)","TSA","Children out of school, primary, male","SE.PRM.UNER.MA","","","","","","","","","","","14253758","14309474","13819434","12820542","13050560","12873187","12887585","12388237","13329574","13581940","13509781","13329432","13443875","12986834","13058775","13227204","12847844","13577221","12807560","12190832","12322529","12664039","12868403","12642923","12390527","12552870","12747205","12999965","13635703","13510550","12754049","13243200","13196987","12481610","10214910","8673035","8186728","6656837","7670601","8924955","8450517","9452841","8373510","7234816","6593789","6745448","6166609","6340950","5640582","",
"Sub-Saharan Africa (IDA & IBRD countries)","TSS","Children out of school, primary, male","SE.PRM.UNER.MA","","","","","","","","","","","","","","","","14482993","14611222","14424306","14261635","13861036","13577609","13343872","13355605","13615559","14248273","15042832","16055961","16998752","17877148","18055752","18867120","19039128","19668384","20033282","20374096","20139268","21009180","20214236","20415386","20667674","19745768","19021680","18343012","17410868","16918816","16007484","15396773","13757952","13692464","13840891","14900000","14200000","14400000","14300000","14500000","14800000","15100000","15200000","15400000","",
"Trinidad and Tobago","TTO","Children out of school, primary, male","SE.PRM.UNER.MA","","","","","","","","","","","","7178","7977","8617","8419","7421","4868","3460","5330","9157","11595","8158","6662","7655","7777","7747","9528","7536","7096","8426","11837","10793","11385","12508","","","11052","11013","","2151","637","947","4730","2839","792","2538","","","1075","49","556","","","","","","","","","",
"Tunisia","TUN","Children out of school, primary, male","SE.PRM.UNER.MA","","","","","","","","","","","","40015","","","","50248","","","48546","46061","37269","33260","24884","12593","1469","1133","","","","497","9214","5987","6751","5130","8040","10762","19382","30827","","34819","28814","19868","","","","13162","15286","18734","15899","12828","","","","","","","","","","",
"Turkey","TUR","Children out of school, primary, male","SE.PRM.UNER.MA","","","","","","","","","","","","","","","160269","","","","","","","","","","","","","","","","","","","","146293","168005","","140401","","31430","","","","","","","4881","3514","38209","128810","104663","138850","187346","159688","127425","129839","148729","130376","","",
"Tuvalu","TUV","Children out of school, primary, male","SE.PRM.UNER.MA","","","","","","","","","","","","","","","","","","","","","","","","","","","","","","","","","","","","","","","","","","","","","","","","","","","","","","","60","22","65","","","",
"Tanzania","TZA","Children out of school, primary, male","SE.PRM.UNER.MA","","","","","","","","","","","","","","","","","","","","","","561113","686324","745126","","921959","980458","1034581","1098500","1129515","1174898","1227525","1263446","1332071","1414160","1456730","1491427","1519693","1575571","1600837","1517077","1386448","896799","610746","467598","305286","100175","","31765","","341937","","613318","766009","895054","","895289","911042","1053124","",
"Uganda","UGA","Children out of school, primary, male","SE.PRM.UNER.MA","","","","","","","","","","","","","","","","","","","","703561","","690384","701887","","","","587419","","","","","","","","","","","","","","","","","","","","","","","185476","321245","222755","","219128","","","","","","",
"Ukraine","UKR","Children out of school, primary, male","SE.PRM.UNER.MA","","","","","","","","","","","","","","","","","","","","","","","","","","","","","","","","","","","","","","","","","","","30714","102375","98205","92588","98891","99601","100263","94801","75722","61389","57427","58950","78411","","","","","",
"Upper middle income","UMC","Children out of school, primary, male","SE.PRM.UNER.MA","","","","","","","","","","","","","","","","","","","","","","","","","","","7284965","6341638","5359000","4312163","3905766","3604964","4012815","4773528","6145715","7864900","9145977","10085727","8237501","5747914","5311286","4375805","3569641","2954836","3196367","3094968","4158884","3495971","2919474","3101275","3396218","3315791","3224680","3325297","3328311","3179121","3302739","3343443","3516734","",
"Uruguay","URY","Children out of school, primary, male","SE.PRM.UNER.MA","","","","","","","","","","","","","","","","","","","","","","","","","21321","","","","","","","13585","10139","9098","11678","12658","13840","13577","","","","","","","","","","2458","96","","","","","","4344","","","","","",
"United States","USA","Children out of school, primary, male","SE.PRM.UNER.MA","","","","","","","","","","","","","","","","","","","","","","","","","","","","","","","","","","","","","","","","","","","","","","","","","","","","","","","292768","214356","36772","65888","","",
"Uzbekistan","UZB","Children out of school, primary, male","SE.PRM.UNER.MA","","","","","","","","","","","","","","","","","","","","","","","","","","","","","","","","","","","","","","","","","","","","","","","","78195","63214","66429","54415","46044","28774","17288","2548","","","","","",
"St. Vincent and the Grenadines","VCT","Children out of school, primary, male","SE.PRM.UNER.MA","","","","","","","","","","","","","","","","","","","","","","","","","639","","305","","","","","","","","","","","","","","","","","","","32","","","","","","","","","","","","","","",
"Venezuela, RB","VEN","Children out of school, primary, male","SE.PRM.UNER.MA","","","","","","","","","","","","","","","","","","","","","","","","","","","","","","","","","","","","","","","","191958","149703","113447","51000","80443","78485","95435","93267","67799","105580","75079","66370","68139","53295","68989","106131","108798","143953","166336","","",
"British Virgin Islands","VGB","Children out of school, primary, male","SE.PRM.UNER.MA","","","","","","","","","","","","","","","","","","","","","","","","131","101","","","","","","","","","","","","","","","35","230","161","","","","86","129","","","","","","93","57","","","","","","",
"Virgin Islands (U.S.)","VIR","Children out of school, primary, male","SE.PRM.UNER.MA","","","","","","","","","","","","","","","","","","","","","","","","","","","","","","","","","","","","","","","","","","","","","","","","","","","","","","","","","","","","",
"Vietnam","VNM","Children out of school, primary, male","SE.PRM.UNER.MA","","","","","","","","","","","","","","","","","","","","","","","","","","","","","","","","","","","","","","","","","","","","","","","","","","","","","","","","","","","","",
"Vanuatu","VUT","Children out of school, primary, male","SE.PRM.UNER.MA","","","","","","","","","","","","","","","","","","","","","","1461","","","","","","","","3074","","","","","","","","","","262","","","","","352","","","","","","","","","","","1797","","","","",
"World","WLD","Children out of school, primary, male","SE.PRM.UNER.MA","","","","","","","","","","","49265068","50067972","49485136","46989904","46821156","46081184","45358288","45001320","46593584","46008960","43928352","42695268","42204364","42146660","42331260","41843276","41026728","40936032","39810280","38922644","40615496","40489556","41767096","42818628","44099416","45852564","48052748","48992976","47054652","44588816","42317580","40772736","39558944","37384640","34952304","32236412","32134556","27606658","27639980","28976368","29700000","30200000","28500000","27800000","27200000","27400000","26700000","26800000","26800000","",
"Samoa","WSM","Children out of school, primary, male","SE.PRM.UNER.MA","","","","","","","","","","","","","","","","","","","","","","","","","","","","","","","","","","","1149","","","","979","1151","","","","","","","","","","","","","","","","","","","","",
"Kosovo","XKX","Children out of school, primary, male","SE.PRM.UNER.MA","","","","","","","","","","","","","","","","","","","","","","","","","","","","","","","","","","","","","","","","","","","","","","","","","","","","","","","","","","","","",
"Yemen, Rep.","YEM","Children out of school, primary, male","SE.PRM.UNER.MA","","","","","","","","","","","","","","","","","","","","","","","","","","","","","","","","","","","","","","","","456591","","","","288102","248014","234203","","","289754","","180503","","137297","135798","","","218703","","","",
"South Africa","ZAF","Children out of school, primary, male","SE.PRM.UNER.MA","","","","","","","","","","","656359","","","","","","","","","","","","","","","","","","","","","506809","","","438709","421243","","","426774","381505","402599","380927","339451","276109","235869","227722","","","","","","","","","","","","369093","","",
"Zambia","ZMB","Children out of school, primary, male","SE.PRM.UNER.MA","","","","","","","","","","","","","81040","","","","85213","90058","101778","111154","117053","122444","128439","122965","119501","","122943","","151541","","","","","","228404","249941","","","292423","310141","320993","333791","307780","","189378","107677","137847","99458","","155845","201558","158820","150988","189405","","","","281430","","",
"Zimbabwe","ZWE","Children out of school, primary, male","SE.PRM.UNER.MA","","","","","","","","","","","","","","","","","","","","","","","","","","","","","","","","","","","","","","","197054","156074","126636","87655","114938","123772","","","","","","","","","","","","","","","","",
